StudentID,StudentName,StudentEmailAddress
1001,Kiley Calharera,kiley.calh@gmail.com
1002,Rosio Cork,rosio.cork@gmail.com
1003,Ilene Eroman,ilene.erom@gmail.com
1004,Jesusa Shin,jesusa.shin@gmail.com
1005,Jose Stockham,jose.stock@gmail.com
